room_id,co2_level,co_level,rel_humid,ozone_level,pm_one,pm_two_five,pm_ten,param_temp,param_tvoc,heat_index,date_acquired
809,372,14,39,4,42,21,44,30,18,31,2024-03-25 21:40:47
812,364,27,80,18,42,39,16,29,7,33,2024-03-28 18:48:53
810,408,20,62,5,25,54,14,28,16,34,2024-04-04 20:24:52
811,536,25,50,24,40,58,31,34,15,26,2024-04-07 05:23:01
807,332,17,36,24,33,46,6,31,18,35,2024-03-31 18:00:46
810,462,17,32,4,38,11,25,22,27,32,2024-04-05 12:35:20
810,350,25,74,5,16,60,21,24,9,24,2024-03-29 21:35:11
803,422,17,63,10,28,24,51,31,9,23,2024-04-03 08:34:18
807,405,26,68,8,21,64,29,29,29,32,2024-03-24 16:26:34
805,564,15,65,16,5,20,5,31,0,26,2024-03-27 00:38:01
811,555,23,43,18,14,44,40,27,8,21,2024-04-05 00:04:42
806,555,19,74,24,22,46,41,34,15,25,2024-03-30 18:23:02
808,446,16,74,22,36,60,12,32,26,23,2024-04-04 04:12:02
814,321,14,45,13,10,64,10,28,6,31,2024-03-31 22:59:00
810,562,23,79,19,15,42,43,20,11,34,2024-04-03 06:33:46
814,484,22,36,14,5,53,33,28,13,21,2024-04-05 22:59:22
811,439,14,48,11,41,49,44,27,15,35,2024-03-25 20:25:50
806,528,27,80,7,32,27,31,28,21,20,2024-04-06 23:19:04
802,345,19,43,19,26,47,33,35,5,33,2024-03-27 22:47:56
808,547,26,73,19,7,56,44,30,28,32,2024-03-31 20:22:32
811,459,24,54,0,5,27,12,25,13,21,2024-04-03 17:28:59
814,423,21,77,13,15,34,11,28,15,32,2024-03-29 19:28:00
804,305,14,51,25,15,12,45,34,11,21,2024-03-31 17:15:23
810,465,21,80,2,20,48,50,32,20,25,2024-03-28 22:49:51
812,401,20,78,18,33,19,16,18,16,24,2024-03-29 01:17:33
803,392,15,43,16,31,63,47,23,30,25,2024-03-26 07:54:03
808,578,21,63,22,41,61,43,28,18,27,2024-03-31 05:45:32
808,545,22,74,10,14,16,15,19,20,34,2024-04-07 14:20:31
804,515,19,77,25,22,16,47,33,17,20,2024-03-24 12:06:56
804,596,15,50,4,32,29,9,23,1,29,2024-03-23 21:48:40
807,559,15,70,14,20,43,37,22,30,20,2024-04-04 09:16:56
812,409,20,46,12,28,40,40,31,11,30,2024-03-27 14:37:17
803,586,23,37,22,6,8,36,33,9,27,2024-04-01 01:42:43
811,340,27,63,20,40,9,35,28,24,30,2024-04-01 10:49:56
811,366,16,34,20,24,32,38,29,19,24,2024-03-23 17:04:46
804,435,24,49,23,26,45,52,29,5,30,2024-03-26 00:10:01
809,423,16,71,1,10,8,22,29,4,28,2024-03-29 13:44:09
811,336,27,44,3,38,25,19,26,0,31,2024-03-28 19:48:51
813,462,18,55,8,20,13,31,31,17,35,2024-03-24 05:30:55
810,388,23,75,2,17,21,38,24,23,35,2024-03-28 12:56:33
809,528,23,50,4,36,61,37,29,1,31,2024-04-01 00:20:25
804,429,27,40,16,9,56,30,26,16,24,2024-03-30 07:23:49
802,560,15,62,19,6,24,19,35,7,33,2024-03-27 23:12:46
812,543,26,40,19,5,16,47,32,10,28,2024-03-30 01:30:03
809,551,15,63,21,33,22,7,28,22,32,2024-03-24 20:53:35
811,513,16,35,15,32,22,40,29,18,31,2024-03-31 21:11:48
808,430,21,64,14,28,29,23,19,13,33,2024-03-27 10:03:55
813,537,18,40,25,28,24,34,18,1,25,2024-03-27 00:37:02
809,538,23,52,4,42,36,30,19,6,33,2024-04-05 08:10:21
810,390,18,45,16,17,19,34,31,1,29,2024-04-01 18:55:51
811,541,23,79,16,11,14,20,31,26,32,2024-03-30 15:01:29
810,548,24,76,4,9,35,50,24,0,22,2024-03-30 15:33:54
805,420,26,48,19,9,23,52,35,27,33,2024-03-28 14:05:41
802,411,17,53,16,15,20,28,31,26,23,2024-04-02 08:28:41
804,508,24,61,0,25,25,23,32,12,35,2024-04-03 16:14:28
813,336,26,57,22,34,33,53,29,11,32,2024-03-25 15:29:02
804,532,17,76,25,31,28,39,33,4,20,2024-03-29 11:12:35
808,589,15,35,23,40,59,39,35,10,29,2024-04-04 03:01:43
806,498,16,32,7,9,27,46,34,4,20,2024-04-05 00:35:21
803,441,19,47,16,25,50,36,32,23,31,2024-04-01 00:28:08
805,538,21,69,10,10,26,48,31,15,35,2024-03-28 22:47:29
814,477,18,58,16,9,43,37,21,28,20,2024-04-03 05:37:43
807,417,23,48,3,28,20,27,23,8,28,2024-03-28 13:45:00
810,447,22,72,8,14,48,40,33,2,27,2024-03-25 11:01:15
802,558,15,76,22,26,20,17,25,23,24,2024-04-01 07:56:04
811,359,14,48,21,10,15,35,29,23,30,2024-04-03 14:56:14
811,419,19,67,11,27,9,32,32,0,26,2024-04-01 04:20:22
812,534,21,67,11,16,58,6,30,12,35,2024-03-30 21:06:52
807,417,25,77,16,24,36,38,35,25,33,2024-04-04 10:29:32
814,445,17,49,25,37,52,36,22,0,31,2024-03-29 15:08:02
809,374,20,79,16,20,25,23,28,25,21,2024-04-06 00:00:21
814,448,22,70,11,18,13,29,27,9,32,2024-04-03 01:52:59
813,366,14,56,12,42,12,11,31,2,33,2024-04-01 01:53:46
807,532,21,52,1,11,39,11,35,22,25,2024-03-31 23:48:58
805,359,20,79,16,43,58,6,22,16,33,2024-04-01 07:12:34
808,510,26,73,0,33,43,37,25,30,21,2024-04-03 12:53:23
802,347,17,60,10,34,8,47,19,25,28,2024-04-07 12:10:11
805,504,26,55,12,13,32,26,30,27,24,2024-03-29 23:02:04
814,483,17,55,13,43,24,38,20,23,29,2024-04-02 16:43:55
805,556,17,37,2,5,52,43,30,15,20,2024-03-31 15:02:59
802,305,21,70,4,8,21,43,31,15,26,2024-03-27 17:06:05
809,535,24,47,3,6,30,10,27,14,22,2024-04-03 00:42:38
806,547,15,62,20,10,55,25,22,28,32,2024-03-23 17:11:29
814,360,15,80,25,38,17,28,31,17,32,2024-03-27 09:51:57
813,312,21,74,15,37,25,12,27,21,23,2024-03-30 07:35:10
802,328,26,69,10,32,29,22,31,12,29,2024-03-27 18:17:20
813,340,20,56,8,26,64,43,20,26,23,2024-04-05 08:54:54
809,550,20,53,19,36,52,7,25,17,35,2024-04-04 21:47:28
802,360,14,60,24,16,48,35,19,23,32,2024-03-24 20:20:34
805,576,25,47,12,37,59,27,30,11,33,2024-04-01 07:35:57
804,367,17,63,8,20,40,41,31,11,20,2024-04-06 04:50:46
809,479,24,58,19,10,56,11,22,1,31,2024-03-30 07:56:08
804,553,27,76,3,36,46,32,35,9,29,2024-03-30 23:20:13
803,571,20,66,20,17,5,5,35,3,32,2024-04-03 15:35:35
802,354,16,36,18,33,32,29,35,28,34,2024-03-29 11:45:06
803,418,16,57,10,22,57,18,28,0,25,2024-03-26 11:02:59
806,367,26,73,11,11,13,30,20,10,26,2024-04-03 13:43:31
812,309,18,49,8,8,21,51,20,25,24,2024-03-30 14:00:55
809,553,19,70,24,20,5,53,18,30,21,2024-03-27 09:33:58
804,329,16,70,11,8,14,38,35,18,32,2024-03-30 08:23:37
813,511,22,41,12,30,36,7,28,30,22,2024-04-05 20:21:18
809,438,16,47,18,6,40,35,35,30,35,2024-03-24 23:44:25
804,436,16,38,10,28,14,6,22,21,33,2024-03-30 19:11:17
805,559,24,41,17,32,31,20,20,16,26,2024-03-24 16:51:22
809,312,22,74,25,43,24,46,34,2,23,2024-03-27 11:38:48
810,562,27,57,3,33,5,6,23,1,32,2024-03-30 11:26:45
807,484,20,30,24,42,54,38,26,22,24,2024-04-03 07:52:27
809,574,18,49,0,32,59,19,35,23,26,2024-04-04 23:39:26
803,348,16,65,13,33,33,17,21,13,23,2024-03-31 08:44:58
806,470,19,64,8,31,28,29,25,18,25,2024-03-26 08:26:44
807,355,27,56,2,23,42,22,24,29,31,2024-04-02 04:32:58
811,464,19,38,7,42,17,16,30,5,22,2024-03-27 00:39:31
813,546,17,69,11,30,56,16,29,0,35,2024-04-04 17:43:40
808,300,16,69,2,28,24,20,23,23,32,2024-04-06 05:35:55
806,462,22,57,19,11,47,27,34,0,20,2024-04-05 07:46:12
813,471,21,44,0,27,53,46,29,6,27,2024-04-05 20:42:13
802,579,20,38,13,21,14,25,27,27,28,2024-03-23 18:14:51
804,505,17,58,1,28,46,20,24,5,33,2024-03-31 16:02:56
802,479,24,56,7,19,25,40,30,8,24,2024-03-25 08:14:01
804,304,17,31,6,30,63,46,21,26,20,2024-03-24 05:37:19
812,521,15,77,5,18,53,36,21,3,31,2024-03-31 21:09:46
805,458,14,73,5,43,8,40,34,26,24,2024-03-30 23:03:53
803,379,16,53,14,13,13,32,21,23,29,2024-03-25 07:19:35
811,442,23,30,25,18,31,22,28,19,26,2024-04-03 03:43:13
813,475,21,43,22,31,24,31,32,20,26,2024-04-05 21:24:23
809,496,19,65,0,27,63,47,32,9,31,2024-04-04 15:16:08
805,430,24,54,15,33,54,47,33,20,25,2024-04-01 01:12:21
813,546,16,31,10,11,42,32,28,28,27,2024-04-06 01:27:02
804,331,23,36,17,36,18,44,29,9,23,2024-03-24 14:44:34
805,352,15,42,11,20,24,33,33,11,23,2024-04-02 18:03:33
803,374,15,42,22,5,20,17,23,12,23,2024-03-25 21:12:21
805,554,22,65,10,37,35,39,22,29,20,2024-03-27 01:25:16
812,365,14,40,11,41,6,49,20,20,33,2024-03-27 03:13:53
807,507,19,78,18,29,11,24,23,3,34,2024-03-26 20:42:21
807,342,15,31,18,26,43,39,34,15,25,2024-03-31 11:56:43
807,550,15,32,13,14,19,7,22,5,21,2024-03-31 00:01:04
813,393,23,49,16,23,38,15,20,4,22,2024-03-28 08:01:57
810,397,14,40,4,34,34,22,35,1,24,2024-03-27 17:40:39
810,529,16,62,23,21,43,26,19,7,33,2024-03-28 19:43:53
810,338,25,65,22,36,18,49,20,16,23,2024-03-29 16:57:34
811,565,25,40,8,14,44,12,26,5,23,2024-03-24 08:23:25
809,529,16,65,19,22,62,35,24,24,26,2024-04-01 07:10:34
807,368,16,78,22,14,13,27,29,5,31,2024-04-02 13:31:07
807,596,22,60,24,15,59,35,19,13,35,2024-04-01 09:31:10
806,573,18,44,15,27,15,27,19,23,26,2024-03-26 22:17:57
809,530,20,49,11,15,16,14,24,14,24,2024-04-05 22:26:04
804,488,18,37,24,14,37,18,31,29,22,2024-04-01 18:35:41
806,393,14,36,24,31,14,46,22,3,25,2024-03-27 06:04:34
802,382,22,70,18,24,7,36,18,30,23,2024-03-23 15:55:03
807,319,27,58,15,22,52,26,34,18,31,2024-03-30 05:10:43
806,397,27,46,25,18,34,17,25,22,23,2024-03-28 18:36:39
811,384,25,41,15,36,52,16,34,28,33,2024-04-02 11:47:16
811,557,20,45,9,17,51,50,26,25,32,2024-03-25 18:00:19
814,592,16,41,7,11,50,19,34,19,29,2024-04-06 19:50:17
802,424,18,59,5,15,37,31,29,3,24,2024-03-23 17:14:43
807,548,17,64,11,36,60,51,33,29,21,2024-04-02 05:18:25
809,557,19,79,12,28,60,30,28,20,21,2024-04-02 23:54:36
808,491,25,63,10,30,8,33,22,24,34,2024-03-27 14:16:10
804,576,16,35,8,43,42,47,35,10,33,2024-03-25 00:37:02
814,317,20,38,15,37,48,22,19,3,23,2024-03-26 19:03:54
814,443,24,53,12,35,47,47,28,27,24,2024-03-29 01:43:17
806,492,16,58,11,14,52,26,25,14,23,2024-04-01 02:36:20
805,324,18,45,22,39,55,27,23,26,34,2024-03-31 18:53:31
808,396,26,33,20,32,65,49,31,29,33,2024-04-06 14:31:26
802,586,19,65,12,14,21,24,21,4,25,2024-04-06 08:42:19
810,575,16,70,7,19,48,24,22,23,34,2024-04-02 06:28:43
810,309,27,33,3,28,63,36,26,5,34,2024-03-24 01:43:32
813,507,27,55,20,20,5,13,29,5,33,2024-03-30 15:04:59
805,517,18,58,17,41,63,5,20,5,20,2024-04-06 02:31:45
810,424,27,33,9,36,46,17,24,0,21,2024-03-27 13:17:46
804,335,18,78,5,27,7,27,20,11,30,2024-03-28 07:17:41
808,380,21,80,12,21,47,10,25,27,28,2024-04-01 13:29:26
803,445,18,35,24,20,64,50,27,16,33,2024-03-28 18:56:25
806,515,19,74,10,35,44,33,32,22,27,2024-04-04 10:33:33
806,563,21,66,13,43,33,18,22,29,30,2024-04-03 11:49:32
804,464,26,69,21,26,22,28,35,28,27,2024-03-24 03:58:47
813,446,14,58,17,17,29,29,30,1,29,2024-04-05 00:20:55
809,351,17,49,13,37,5,38,28,8,34,2024-03-27 17:27:31
802,526,18,58,9,13,24,51,21,1,32,2024-04-01 19:14:55
811,487,20,32,21,27,33,21,21,30,26,2024-04-06 07:15:12
803,479,22,52,22,13,37,39,18,13,35,2024-03-28 13:33:57
804,568,15,34,22,9,47,14,30,23,28,2024-03-27 11:09:46
811,377,14,76,6,12,12,32,20,25,29,2024-04-02 10:49:45
806,317,15,56,25,16,34,27,31,21,34,2024-03-30 01:52:20
804,475,20,41,16,30,40,12,23,25,23,2024-03-25 02:15:28
814,537,22,75,0,14,11,32,35,6,23,2024-04-04 14:35:41
802,550,24,47,6,31,46,7,26,7,28,2024-04-04 10:31:02
812,512,22,37,2,39,49,32,34,15,24,2024-03-29 03:48:24
809,303,14,37,12,13,45,7,21,19,20,2024-03-25 06:02:49
810,572,16,51,17,7,48,37,35,12,32,2024-04-07 01:04:13
811,500,26,39,23,9,47,6,34,10,32,2024-04-04 00:40:32
804,584,27,39,17,5,23,15,31,23,31,2024-03-29 04:20:49
803,543,23,76,1,26,61,15,29,6,27,2024-04-04 03:24:51
803,441,23,53,3,30,5,53,31,8,22,2024-03-29 08:36:00
814,512,20,69,13,27,12,49,19,1,23,2024-03-25 13:46:24
802,306,15,44,24,37,9,11,21,16,32,2024-04-06 07:32:01
814,491,23,51,21,16,46,18,27,25,22,2024-03-26 17:38:08
811,518,17,67,11,8,24,6,23,6,25,2024-04-07 14:51:23
813,500,15,59,14,17,34,6,19,5,20,2024-03-23 22:52:54
805,323,27,71,16,15,42,40,24,23,22,2024-04-07 03:40:30
805,579,26,72,12,5,55,8,32,25,35,2024-03-26 00:47:38
810,328,19,61,20,35,41,18,33,19,32,2024-04-04 07:02:53
806,553,27,61,14,22,63,5,32,3,35,2024-03-28 09:00:29
811,580,24,65,20,8,63,32,29,23,30,2024-04-01 13:34:51
808,574,14,67,20,5,65,52,27,29,20,2024-04-04 12:40:46
813,581,25,33,1,10,51,44,28,0,24,2024-03-26 12:23:06
803,481,21,30,20,28,61,37,25,11,22,2024-04-05 06:27:10
810,505,23,55,10,25,34,35,29,24,29,2024-04-01 17:44:39
808,476,24,38,16,20,29,29,22,22,29,2024-04-05 20:10:17
811,379,16,33,5,22,13,50,20,12,30,2024-04-05 05:10:25
804,416,26,61,12,18,25,24,24,29,23,2024-03-28 07:21:55
802,447,20,75,10,34,44,25,28,17,35,2024-04-04 16:49:13
807,332,16,48,11,18,5,20,33,29,33,2024-03-24 00:45:15
803,378,20,48,0,32,34,40,27,19,27,2024-03-31 03:22:36
804,549,27,75,23,28,9,7,19,4,26,2024-04-06 08:45:05
802,456,19,46,22,22,27,25,29,1,27,2024-03-28 15:34:48
812,417,27,78,2,30,10,30,18,14,23,2024-04-04 07:43:10
813,547,15,53,11,43,22,14,31,26,21,2024-04-02 05:49:14
814,500,22,68,19,14,61,52,18,27,26,2024-03-29 07:07:33
804,467,21,49,16,38,12,34,20,5,33,2024-03-30 13:28:21
809,538,21,43,4,11,40,7,34,4,23,2024-04-04 03:59:00
811,587,25,51,18,11,48,50,35,8,22,2024-04-03 14:40:07
802,564,22,35,12,41,8,25,24,2,32,2024-03-31 00:30:38
809,503,15,41,16,32,41,41,34,2,30,2024-04-01 05:48:56
803,495,19,56,22,30,31,25,33,26,34,2024-04-06 09:31:03
803,549,16,43,17,19,32,14,33,9,30,2024-03-24 05:07:44
812,356,24,32,3,41,28,33,31,2,25,2024-04-02 06:33:46
811,478,24,76,23,14,22,28,28,18,21,2024-03-31 05:42:32
808,460,14,39,19,17,35,9,19,6,29,2024-04-05 03:28:09
810,571,27,45,9,11,26,9,29,8,27,2024-03-28 05:07:49
810,394,22,72,10,43,37,9,33,28,28,2024-03-24 18:57:19
802,415,22,63,14,9,17,37,29,6,33,2024-04-02 11:44:49
804,503,26,33,8,34,8,33,18,4,29,2024-04-06 02:10:21
812,537,27,55,12,36,60,31,19,16,24,2024-03-24 14:51:09
803,364,20,64,17,11,15,18,32,13,33,2024-03-29 07:17:12
806,367,26,42,16,24,29,19,25,2,28,2024-04-01 05:48:55
803,466,19,46,13,33,7,12,33,14,22,2024-04-05 03:26:24
812,369,18,45,0,38,57,19,30,1,33,2024-04-02 02:16:24
802,555,18,51,16,25,9,20,18,24,28,2024-03-27 15:20:30
813,344,23,53,22,28,49,30,29,21,31,2024-03-30 13:12:11
808,580,23,50,3,36,45,22,32,18,30,2024-04-01 19:09:34
803,429,21,33,17,22,62,29,32,13,34,2024-03-28 19:40:37
808,571,24,50,22,10,49,48,28,2,30,2024-03-26 12:52:09
803,554,23,74,1,15,11,38,22,22,32,2024-04-02 02:47:46
807,548,25,58,9,6,7,6,23,23,34,2024-04-06 03:19:13
808,353,17,51,2,34,65,35,35,13,34,2024-04-04 08:54:24
810,594,22,58,2,23,37,38,26,26,25,2024-04-03 02:23:10
811,394,14,53,6,24,33,19,24,28,25,2024-03-31 23:12:50
803,322,18,53,25,18,14,43,23,22,27,2024-04-02 01:22:56
804,550,18,33,4,26,65,30,23,17,33,2024-04-03 21:05:31
804,566,19,38,10,31,28,9,26,24,26,2024-03-29 13:31:19
809,369,17,54,18,22,28,20,31,21,22,2024-03-26 22:56:22
811,397,19,66,3,20,35,23,28,29,22,2024-03-25 19:58:21
805,388,18,79,1,28,34,31,35,12,29,2024-03-26 21:52:09
812,395,16,62,13,30,47,44,29,3,24,2024-03-29 12:16:19
807,458,18,75,16,38,36,21,22,19,33,2024-03-29 08:57:47
803,346,24,74,4,33,6,47,26,9,35,2024-04-06 11:44:36
812,311,22,45,4,30,56,42,18,6,30,2024-03-26 04:11:05
804,359,18,73,15,33,8,10,25,18,32,2024-03-24 00:49:02
808,573,16,67,18,8,34,40,28,5,24,2024-03-31 13:33:15
806,412,17,46,4,21,33,13,21,13,32,2024-03-26 23:51:52
802,381,16,35,17,27,51,21,19,19,26,2024-03-25 13:37:09
806,357,18,73,15,11,25,36,35,7,28,2024-03-31 23:55:54
802,388,19,69,15,24,64,20,23,3,31,2024-03-25 02:05:37
809,423,24,79,20,30,23,46,31,6,23,2024-03-29 17:55:30
814,342,14,34,5,28,7,47,20,30,21,2024-03-29 08:39:40
811,347,16,77,9,13,22,11,33,1,28,2024-04-07 06:01:45
810,544,15,71,0,33,14,45,20,15,33,2024-03-24 05:19:46
809,414,21,41,22,25,56,11,34,29,26,2024-04-06 00:02:08
802,457,26,40,15,17,13,33,21,27,32,2024-04-07 06:18:06
808,386,14,53,12,6,12,38,22,15,22,2024-04-02 23:29:09
804,329,26,58,2,19,57,15,26,16,28,2024-04-04 14:35:58
805,438,14,31,20,28,25,53,31,21,30,2024-04-06 14:01:32
812,456,26,34,13,23,56,22,27,20,25,2024-03-29 17:29:28
802,589,24,34,20,6,35,14,22,3,23,2024-03-31 10:38:34
811,330,20,68,5,43,64,15,28,30,24,2024-04-06 02:19:56
813,588,18,73,18,20,15,44,31,16,35,2024-04-02 10:21:20
811,312,27,77,18,17,63,52,26,29,28,2024-04-01 02:04:10
813,480,20,51,7,28,60,36,30,28,26,2024-04-03 01:09:24
811,502,15,56,7,14,36,38,25,10,21,2024-04-02 07:07:18
807,447,23,72,19,41,33,47,29,28,21,2024-04-01 07:19:52
807,528,15,52,4,13,23,8,35,12,20,2024-03-29 05:01:39
805,572,25,71,9,9,25,35,18,23,34,2024-04-03 05:00:37
804,358,20,79,9,22,29,31,20,9,23,2024-03-30 12:10:05
808,306,19,57,10,15,62,19,23,27,26,2024-03-29 08:19:41
811,401,27,43,4,37,9,6,24,20,27,2024-04-01 01:38:54
806,545,26,55,5,7,45,47,25,17,35,2024-04-07 06:17:12
803,550,27,44,3,11,18,21,27,4,30,2024-03-29 08:35:09
805,435,18,72,13,12,22,41,27,22,31,2024-03-26 04:01:04
811,359,22,65,13,35,48,6,23,23,30,2024-03-28 00:01:23
814,461,15,74,4,33,36,17,27,18,34,2024-04-07 10:48:18
802,588,18,31,8,8,63,38,18,27,28,2024-03-27 08:51:48
811,429,19,55,0,7,54,32,31,19,28,2024-04-02 04:04:44
805,375,21,59,12,31,44,44,35,23,31,2024-03-27 21:32:38
813,385,16,46,14,17,37,29,30,11,31,2024-03-31 08:18:28
810,402,18,48,25,27,21,29,24,28,22,2024-04-04 21:38:45
806,463,21,48,25,27,25,52,25,30,29,2024-03-24 21:57:22
808,504,18,34,25,29,16,31,21,4,23,2024-03-30 06:03:06
804,478,22,76,4,9,50,26,33,8,28,2024-04-02 05:19:18
813,473,24,43,11,43,29,16,35,21,28,2024-03-29 04:22:20
809,352,27,47,1,31,23,30,27,27,22,2024-03-25 23:39:29
803,455,24,40,22,40,60,17,31,18,31,2024-03-23 19:26:34
814,495,23,67,18,12,27,17,28,5,26,2024-03-31 16:43:51
812,323,19,75,16,12,11,51,32,4,20,2024-03-23 15:25:13
805,344,23,55,23,8,56,9,27,1,30,2024-03-29 04:25:48
814,462,22,66,7,17,38,17,19,1,34,2024-03-25 07:05:21
803,320,25,51,2,37,36,51,24,24,27,2024-03-28 18:45:14
804,389,14,57,10,6,24,51,29,17,32,2024-04-07 03:20:57
812,389,14,63,13,12,56,6,32,21,21,2024-03-23 20:49:01
812,318,17,68,5,16,52,21,30,13,31,2024-03-30 16:28:45
809,443,24,72,18,41,32,34,32,21,26,2024-03-27 10:36:48
814,512,24,58,8,20,40,28,26,19,34,2024-04-06 02:13:04
811,337,21,61,3,17,63,30,23,30,25,2024-04-07 06:22:15
805,374,21,44,8,18,63,33,29,13,24,2024-04-01 15:23:51
803,518,14,70,20,33,30,47,21,28,25,2024-03-25 15:10:20
813,483,27,49,19,10,61,23,34,18,30,2024-03-28 17:08:11
806,387,19,40,20,34,59,23,34,2,27,2024-04-01 21:12:13
812,429,27,44,17,8,38,31,32,21,33,2024-04-01 09:49:00
802,373,14,35,13,11,19,20,25,15,32,2024-04-04 03:15:18
811,343,18,35,7,31,39,33,28,23,28,2024-03-31 11:45:56
802,536,16,62,7,38,36,35,35,12,23,2024-03-26 23:35:12
805,507,15,45,11,9,57,36,25,1,28,2024-03-25 17:39:18
810,541,18,74,16,29,10,48,25,0,31,2024-03-31 07:10:28
807,425,25,80,24,28,5,8,20,25,25,2024-04-05 11:51:59
805,452,15,33,1,8,39,32,34,2,23,2024-03-31 15:33:36
807,387,20,66,21,31,50,46,21,14,24,2024-03-28 22:58:07
809,570,15,47,3,28,64,7,18,2,30,2024-03-30 21:38:08
804,323,14,37,4,18,27,52,20,27,23,2024-04-06 09:47:29
804,386,23,54,7,14,52,26,34,12,32,2024-03-28 15:02:13
807,310,16,64,1,32,10,12,26,23,21,2024-03-25 23:10:04
812,577,23,80,6,32,46,21,26,10,21,2024-03-27 19:28:29
808,468,23,32,15,33,20,9,22,7,21,2024-03-29 12:49:54
808,567,21,67,13,30,59,51,26,27,24,2024-04-01 11:22:31
807,497,15,35,8,37,34,46,20,16,32,2024-03-24 00:12:28
813,372,22,54,19,32,15,12,31,18,32,2024-03-24 22:24:21
803,447,21,59,17,15,63,14,22,18,28,2024-03-25 21:30:26
810,594,16,39,1,14,15,7,21,18,26,2024-03-24 14:16:33
803,490,17,50,1,6,11,35,18,22,26,2024-04-03 09:37:59
813,473,25,45,13,23,37,34,22,10,32,2024-04-05 19:44:13
804,546,16,62,9,8,25,30,22,13,23,2024-04-02 10:42:00
807,557,24,61,14,38,40,45,27,12,25,2024-04-02 22:19:29
813,321,23,56,14,11,22,5,29,5,23,2024-03-29 15:15:43
808,511,18,78,6,16,40,14,34,19,29,2024-04-06 19:54:48
808,312,26,43,24,16,13,19,30,10,25,2024-04-07 02:54:06
805,486,25,62,23,8,65,38,34,25,32,2024-03-26 10:34:33
802,502,18,63,25,33,26,23,19,11,23,2024-04-07 13:14:29
814,538,25,73,12,27,48,42,24,18,35,2024-04-02 02:58:52
802,419,21,75,24,30,41,7,26,11,29,2024-04-05 05:41:48
806,318,26,32,5,42,64,29,29,11,30,2024-03-27 01:22:50
806,478,20,48,8,17,18,21,22,6,24,2024-04-02 12:17:05
803,412,14,64,16,23,60,17,24,5,21,2024-03-25 04:56:34
802,490,20,37,5,42,48,19,21,12,23,2024-04-05 05:51:32
804,341,25,65,5,11,7,23,26,5,35,2024-03-30 22:12:10
809,393,23,46,18,42,30,43,19,16,20,2024-04-02 17:37:59
804,399,26,62,12,36,65,41,25,1,34,2024-04-02 14:34:49
807,318,24,32,1,34,37,38,32,27,22,2024-04-06 02:55:56
811,356,26,49,22,41,30,46,28,29,28,2024-03-27 15:45:56
806,582,17,42,6,39,58,38,31,15,24,2024-03-29 22:36:25
807,418,24,34,21,25,15,33,18,23,23,2024-03-27 11:51:06
811,596,21,49,12,32,46,15,20,4,29,2024-03-28 21:49:34
802,379,18,33,22,42,28,39,32,0,22,2024-03-26 16:43:13
811,352,26,69,23,36,42,22,28,6,34,2024-04-01 04:55:01
802,592,27,52,22,28,63,42,18,16,22,2024-03-25 15:18:27
813,541,14,42,18,5,24,38,29,2,31,2024-04-03 15:15:09
809,520,17,59,23,16,35,15,29,25,33,2024-03-26 16:02:07
808,583,25,36,9,27,65,15,20,5,34,2024-03-26 16:39:00
802,455,23,70,13,22,55,9,19,5,34,2024-03-30 12:17:01
807,328,26,61,11,38,26,23,20,1,31,2024-04-07 03:01:02
806,513,27,48,13,16,54,48,19,30,35,2024-03-26 11:34:13
812,505,26,38,3,35,26,7,30,3,28,2024-03-25 04:23:09
811,363,23,35,20,27,15,26,35,23,25,2024-03-29 09:05:58
804,515,20,34,13,32,31,19,21,22,25,2024-03-25 16:11:51
809,527,21,62,21,29,61,38,28,29,22,2024-03-29 17:46:04
804,464,17,36,23,35,15,15,31,25,20,2024-04-04 01:28:46
813,402,16,35,23,15,45,48,30,14,25,2024-04-01 19:52:43
811,541,14,51,5,30,11,12,31,16,32,2024-03-30 23:22:22
810,472,22,30,21,19,64,20,32,14,34,2024-04-06 03:52:04
812,443,21,68,21,16,8,16,23,13,26,2024-03-27 04:24:20
807,476,22,64,12,41,59,34,23,0,26,2024-04-04 10:33:50
813,557,16,59,9,5,30,30,34,5,29,2024-03-31 13:41:02
812,564,19,77,7,20,28,33,26,26,31,2024-04-04 19:56:35
812,551,25,71,15,33,32,23,26,23,20,2024-04-03 15:36:04
810,379,22,46,4,35,44,7,34,9,34,2024-03-29 08:21:29
806,328,14,58,22,16,15,47,23,1,20,2024-04-05 04:02:02
807,350,21,71,25,11,9,24,34,12,21,2024-03-25 05:05:51
808,554,22,49,20,15,61,42,20,26,20,2024-03-27 11:48:57
802,505,14,33,14,28,18,27,18,16,26,2024-03-26 09:22:16
811,460,14,36,6,28,58,31,32,18,23,2024-04-01 16:39:35
812,468,17,47,9,5,23,39,32,28,26,2024-04-01 00:31:23
812,517,27,70,11,12,34,23,29,7,21,2024-03-30 07:01:55
809,540,17,69,20,16,52,39,20,23,28,2024-03-27 04:47:21
808,582,15,78,5,28,45,37,30,8,21,2024-03-28 07:15:04
810,571,15,42,7,26,28,41,35,24,20,2024-04-06 01:29:42
806,506,18,63,14,36,24,48,18,27,28,2024-04-04 06:46:38
804,346,24,58,4,9,25,34,34,0,30,2024-03-23 15:43:02
812,437,19,75,15,18,11,51,21,11,23,2024-04-04 08:58:51
802,323,24,63,9,10,13,8,32,11,34,2024-03-25 11:07:08
808,321,15,31,16,12,24,14,22,0,31,2024-03-31 03:47:30
812,390,27,36,15,24,7,28,26,8,24,2024-03-30 12:34:09
803,389,26,80,6,36,19,48,29,22,34,2024-04-03 22:29:30
805,308,27,65,13,37,12,39,32,3,28,2024-04-05 11:12:19
811,481,27,55,4,15,44,30,25,27,31,2024-03-24 12:48:58
811,596,16,38,24,13,22,13,30,9,34,2024-03-26 09:27:41
805,371,22,49,8,43,21,27,18,13,22,2024-03-30 18:59:50
813,353,19,57,9,29,20,45,23,19,24,2024-04-06 15:22:28
808,460,14,72,2,19,57,34,33,14,22,2024-04-01 15:09:50
805,409,23,58,2,23,8,39,26,29,25,2024-03-26 21:35:28
812,524,27,57,14,19,6,29,24,27,32,2024-04-07 01:00:10
811,580,23,73,16,38,55,20,18,11,23,2024-03-27 09:20:56
802,571,25,47,7,42,63,27,23,13,27,2024-04-04 02:18:08
812,347,19,69,21,38,52,15,26,17,33,2024-04-04 21:36:52
809,430,16,42,25,22,64,28,30,29,21,2024-03-29 18:20:37
804,348,25,39,2,14,34,41,26,4,31,2024-04-04 05:01:39
803,507,26,70,7,30,28,45,20,4,24,2024-04-03 15:22:12
803,430,18,60,21,16,44,35,29,27,23,2024-03-29 05:10:45
814,375,24,36,13,13,64,5,25,15,30,2024-03-23 16:14:49
812,316,24,46,24,27,46,23,29,25,24,2024-03-28 06:34:10
811,484,25,65,22,7,45,18,23,2,24,2024-04-02 13:30:40
804,477,20,44,11,11,54,22,22,26,34,2024-03-29 11:22:40
802,319,19,36,3,9,62,13,33,9,25,2024-04-06 18:40:19
808,538,19,36,16,10,13,19,34,6,33,2024-04-01 16:02:58
809,515,23,60,21,34,56,32,32,8,25,2024-04-07 07:35:45
811,512,16,41,11,43,39,18,28,25,30,2024-03-27 00:17:56
807,514,18,66,22,27,31,36,34,1,33,2024-04-06 19:18:36
803,352,16,76,11,25,11,53,19,18,35,2024-04-03 18:25:47
807,398,16,59,16,27,11,31,25,21,27,2024-04-03 01:02:10
804,547,14,30,11,12,6,16,24,22,33,2024-03-29 01:38:57
807,304,20,53,7,19,29,9,34,16,32,2024-03-27 07:49:09
811,362,26,59,24,31,53,12,24,17,28,2024-03-25 23:11:40
811,581,15,39,14,27,55,32,29,5,31,2024-03-30 00:51:51
814,326,18,40,2,29,35,33,18,20,23,2024-03-28 03:19:29
805,522,16,37,6,31,62,18,31,4,30,2024-03-26 03:00:51
813,440,19,60,7,15,57,11,32,7,29,2024-03-31 17:39:07
810,529,26,33,16,6,36,44,35,10,31,2024-03-29 21:48:19
810,488,25,64,0,24,60,23,22,15,34,2024-04-06 03:42:09
813,527,25,73,18,12,57,36,21,18,27,2024-03-30 02:12:28
802,505,21,71,19,25,30,17,22,29,27,2024-03-26 12:48:25
802,378,18,45,2,27,37,41,20,16,23,2024-04-02 21:05:51
813,378,26,60,24,12,59,21,22,7,31,2024-03-25 16:06:27
809,380,20,45,9,18,50,45,21,16,30,2024-03-28 05:07:08
808,452,25,61,1,31,39,53,31,12,28,2024-03-24 07:16:54
813,402,21,80,23,34,35,9,29,19,32,2024-03-30 03:58:50
808,495,27,63,8,17,27,25,28,2,26,2024-03-31 11:21:06
807,323,22,39,22,19,45,38,18,25,27,2024-03-25 06:43:43
809,450,17,38,2,33,25,17,26,6,24,2024-03-26 18:43:04
810,585,18,73,8,18,60,47,19,18,34,2024-04-04 15:13:51
803,583,16,50,11,19,47,12,30,16,35,2024-03-23 17:44:56
809,491,14,49,3,38,5,31,26,3,28,2024-04-05 02:43:27
802,592,17,35,4,21,64,47,28,27,29,2024-04-01 16:19:26
808,444,17,41,5,13,9,38,32,6,30,2024-03-29 00:30:31
808,344,17,71,20,27,9,38,25,30,21,2024-04-05 22:45:49
808,438,24,76,17,22,17,6,33,5,29,2024-03-24 13:08:32
802,316,21,68,11,11,26,36,26,24,20,2024-03-24 18:39:41
804,475,19,48,14,21,28,42,19,14,29,2024-03-30 13:24:38
806,534,24,47,8,22,55,45,34,6,31,2024-04-04 11:34:27
812,348,21,32,21,5,25,39,20,28,28,2024-03-26 02:08:32
806,328,19,37,4,37,14,20,32,12,26,2024-03-25 18:04:25
807,592,16,60,3,28,20,50,27,21,23,2024-03-31 03:39:10
805,453,18,34,19,14,7,37,33,19,21,2024-04-07 13:40:55
803,356,25,46,17,13,7,5,21,18,23,2024-03-26 01:37:26
813,434,19,80,15,39,7,26,18,2,34,2024-03-30 01:37:23
811,400,21,64,4,41,25,6,31,18,23,2024-04-04 07:21:38
808,342,18,72,5,13,29,37,32,21,24,2024-04-07 08:46:36
802,439,15,77,15,36,58,10,24,10,25,2024-03-24 01:09:07
812,370,25,70,9,5,27,37,35,13,30,2024-03-29 06:47:08
813,535,21,73,16,35,52,26,22,4,23,2024-04-03 03:34:32
802,473,18,40,11,36,48,5,33,19,29,2024-03-27 18:38:43
811,305,18,63,23,42,5,49,27,20,21,2024-03-30 05:37:05
813,475,22,43,25,36,9,16,23,25,26,2024-03-24 00:43:30
811,487,22,52,10,28,49,39,25,10,26,2024-03-24 22:50:08
811,500,21,65,5,6,19,46,27,21,20,2024-03-30 05:31:05
806,376,24,31,7,17,32,31,26,12,21,2024-03-24 02:45:04
806,507,25,69,6,25,60,41,31,30,26,2024-03-28 20:29:07
814,364,15,45,1,21,40,33,31,7,22,2024-03-27 00:06:49
806,346,19,42,18,12,30,21,32,1,21,2024-04-03 16:20:42
802,401,21,36,17,14,50,52,32,24,22,2024-04-02 14:08:07
812,542,18,31,0,24,43,18,33,29,30,2024-03-27 02:39:17
810,523,18,57,3,37,35,30,24,6,26,2024-04-02 20:51:21
808,600,18,47,23,10,9,18,21,20,28,2024-03-31 00:55:36
807,460,21,34,19,15,50,10,29,30,30,2024-03-23 20:18:07
805,436,20,62,15,25,33,18,29,9,20,2024-03-28 06:53:52
806,537,25,51,20,19,26,41,32,28,27,2024-03-29 07:27:42
808,314,15,52,10,30,44,6,34,8,28,2024-04-04 23:36:41
803,328,18,33,21,19,18,40,21,19,30,2024-03-29 05:41:19
805,397,19,46,12,20,33,30,26,11,32,2024-04-06 10:39:42
805,356,24,74,7,19,41,44,30,8,29,2024-03-27 21:07:09
808,437,18,64,20,6,21,32,34,17,24,2024-03-23 21:09:29
804,350,21,42,24,43,15,32,26,5,32,2024-04-06 00:36:50
807,534,21,53,20,28,37,41,22,6,28,2024-03-24 16:33:20
813,334,15,53,3,32,12,18,24,1,28,2024-03-25 21:26:56
804,375,17,48,1,28,9,27,25,1,28,2024-04-04 00:15:35
803,564,17,69,1,22,51,48,30,3,25,2024-04-07 03:18:37
809,560,26,44,2,40,42,37,33,1,24,2024-04-03 00:24:48
812,562,26,56,3,22,32,20,26,10,23,2024-03-27 09:50:21
812,598,26,68,17,5,14,48,28,6,24,2024-04-07 00:34:23
802,362,21,39,1,27,37,9,34,30,31,2024-03-25 17:36:53
809,482,20,54,14,12,49,14,34,4,32,2024-04-05 00:45:59
813,570,19,71,23,5,44,43,27,16,32,2024-03-27 02:28:33
809,533,16,64,23,36,54,9,21,3,26,2024-03-31 19:49:21
803,351,15,35,12,36,46,39,23,15,20,2024-04-02 04:51:51
812,419,16,45,13,8,49,5,34,28,29,2024-04-01 13:56:37
802,300,15,32,6,20,55,28,34,12,33,2024-04-06 02:48:46
803,527,19,68,4,11,30,43,20,30,32,2024-03-26 17:12:48
813,306,24,72,1,7,38,22,19,11,27,2024-03-29 12:30:09
810,557,19,73,17,13,14,15,30,30,35,2024-03-29 21:14:27
810,505,17,35,10,18,53,18,20,23,21,2024-04-02 08:56:30
804,598,22,32,21,5,30,51,22,20,24,2024-03-31 23:01:06
811,332,21,46,7,5,40,6,20,15,29,2024-03-29 16:43:57
814,371,26,55,23,12,5,46,20,13,35,2024-03-31 10:56:08
804,386,27,73,21,6,58,48,27,25,35,2024-04-02 08:49:42
809,506,27,38,12,38,36,20,29,19,26,2024-03-29 19:31:27
802,532,27,64,20,42,20,23,30,4,27,2024-04-04 19:54:08
806,436,24,51,3,39,47,17,27,8,28,2024-04-02 22:48:35
803,329,25,66,16,24,50,48,22,5,21,2024-04-01 12:16:31
806,575,19,77,13,38,26,14,24,21,22,2024-04-03 08:40:07
809,598,24,33,2,34,11,46,26,7,33,2024-03-25 22:52:49
807,540,27,59,7,36,47,38,23,15,29,2024-04-04 12:55:49
812,505,16,71,17,7,11,22,30,27,23,2024-04-02 13:04:08
803,430,22,71,2,20,52,30,31,1,30,2024-04-07 04:48:25
803,543,14,40,0,27,17,24,32,3,33,2024-03-31 00:03:44
814,402,24,43,8,32,35,8,26,29,25,2024-03-30 17:54:04
807,358,27,35,18,40,25,49,19,22,32,2024-03-26 00:51:52
810,491,26,48,6,39,24,36,25,20,20,2024-04-03 01:42:36
803,457,21,40,25,41,42,53,28,10,21,2024-03-29 09:26:09
802,387,14,44,8,36,25,7,30,12,20,2024-03-31 00:48:52
802,475,15,43,7,23,17,9,23,0,34,2024-03-28 13:49:29
814,509,18,71,19,41,15,32,33,22,24,2024-04-05 15:10:21
814,564,27,46,7,42,37,6,25,15,23,2024-03-31 11:17:05
808,519,18,41,0,28,23,21,32,1,29,2024-03-28 17:11:05
813,306,23,70,11,28,6,19,35,7,28,2024-03-30 10:48:34
810,422,19,43,17,9,12,51,32,21,25,2024-03-25 03:24:13
808,425,14,50,21,13,46,48,22,4,23,2024-04-01 10:15:22
805,509,27,78,15,25,46,40,29,0,28,2024-03-25 02:48:23
807,531,20,77,15,13,5,41,28,12,25,2024-03-29 21:53:57
809,469,14,50,13,29,7,28,34,2,22,2024-03-23 18:40:26
804,321,25,73,7,5,11,24,20,7,27,2024-03-30 09:32:56
803,308,25,75,9,9,64,43,28,23,30,2024-03-27 06:10:18
814,558,14,41,12,13,41,22,35,15,24,2024-03-24 05:58:46
812,310,20,32,25,17,7,37,21,4,31,2024-03-30 15:39:19
809,472,23,71,25,21,29,28,21,18,33,2024-04-06 15:08:27
802,308,20,53,20,21,51,21,25,12,31,2024-04-01 09:35:06
814,350,24,74,17,31,35,51,18,18,25,2024-03-27 17:35:47
802,425,14,50,0,26,60,36,21,2,26,2024-04-06 13:02:01
803,468,20,72,16,36,55,15,20,7,27,2024-04-02 15:13:34
811,415,18,35,6,28,25,22,20,14,22,2024-04-07 08:13:04
805,565,27,54,13,14,56,20,31,23,21,2024-04-05 09:37:45
811,332,22,48,19,6,64,47,25,6,32,2024-03-28 19:56:56
804,432,14,80,11,34,8,41,28,6,32,2024-04-06 07:29:57
809,444,18,73,5,9,16,21,26,29,35,2024-04-02 03:12:23
802,415,23,65,13,43,64,7,26,13,35,2024-03-24 15:16:49
811,538,26,73,18,14,50,33,23,30,27,2024-04-05 09:17:15
809,428,20,59,15,5,18,15,31,17,34,2024-04-03 00:50:44
804,491,14,72,14,10,7,39,33,27,34,2024-03-27 16:38:49
802,302,16,60,2,26,38,19,31,7,23,2024-04-07 05:30:30
806,491,21,41,23,18,59,48,33,25,30,2024-04-03 00:16:45
810,311,27,49,22,19,25,6,20,5,24,2024-04-06 18:34:06
812,308,27,47,12,7,26,7,28,29,35,2024-04-06 06:28:37
814,378,19,31,17,35,20,37,21,20,20,2024-03-29 12:23:37
812,327,14,38,24,41,43,35,19,17,20,2024-03-29 13:38:38
809,581,14,40,17,33,50,43,33,16,31,2024-03-24 04:25:32
802,571,25,46,15,21,16,14,23,24,24,2024-04-02 17:16:28
812,520,18,44,10,38,17,47,21,13,23,2024-04-04 23:44:19
809,369,16,66,14,20,5,36,34,28,30,2024-03-26 05:08:45
813,588,26,51,22,25,56,36,33,10,30,2024-03-31 01:45:09
807,479,25,48,5,9,52,28,20,28,28,2024-03-26 00:18:58
813,480,16,68,11,8,37,7,24,16,31,2024-03-31 12:44:20
804,497,24,45,21,20,58,45,35,12,28,2024-04-06 20:29:46
802,493,24,45,24,10,46,17,18,2,20,2024-04-04 15:45:24
804,577,20,31,2,14,59,10,30,25,32,2024-03-26 03:36:58
813,477,19,52,24,7,53,11,26,9,30,2024-04-04 02:21:43
802,301,18,54,1,6,6,35,20,5,25,2024-04-05 07:51:27
803,451,25,35,18,21,28,8,21,14,23,2024-04-01 20:06:44
806,400,27,51,19,35,36,8,30,9,28,2024-03-31 21:49:24
809,359,23,45,19,22,28,13,28,29,22,2024-04-01 13:09:37
807,549,16,68,18,16,43,53,35,4,32,2024-04-01 08:33:52
802,500,18,30,9,6,10,11,21,8,28,2024-03-28 04:12:17
806,530,18,58,22,33,25,46,29,17,23,2024-03-24 13:40:54
805,347,16,74,4,31,11,19,24,21,34,2024-03-23 16:22:49
806,344,26,58,24,18,7,19,18,28,29,2024-03-28 07:29:26
810,488,22,41,9,18,35,37,26,8,22,2024-03-27 13:31:13
807,354,26,46,17,17,7,16,34,13,31,2024-03-23 21:49:37
811,471,23,65,14,24,9,20,20,29,29,2024-03-23 21:27:30
809,572,21,77,16,14,28,18,30,13,33,2024-03-31 09:45:24
813,434,27,68,19,28,39,24,30,6,29,2024-04-05 19:17:16
806,422,17,65,13,40,22,21,27,8,27,2024-03-28 20:21:56
804,473,27,80,14,41,51,46,19,8,31,2024-04-05 12:12:31
802,482,19,38,2,31,37,46,32,30,25,2024-04-04 19:44:33
806,593,20,39,2,7,52,28,24,0,23,2024-03-25 08:21:29
808,319,22,40,3,13,22,17,20,25,33,2024-04-07 11:43:12
809,453,23,56,14,24,57,45,18,17,30,2024-03-27 03:28:37
804,379,26,31,13,5,40,32,28,8,31,2024-04-05 11:04:17
813,314,23,42,22,32,40,24,30,28,21,2024-04-01 06:57:31
813,595,25,49,14,40,22,39,30,1,33,2024-04-01 11:58:45
811,404,25,30,15,9,33,19,33,11,32,2024-03-27 10:02:09
804,349,27,30,11,27,41,27,28,12,22,2024-03-27 20:53:13
809,527,15,68,12,21,25,25,19,27,35,2024-04-05 03:48:21
802,599,21,31,22,28,60,21,25,27,21,2024-04-07 00:52:54
803,335,15,72,19,15,52,26,32,24,27,2024-04-06 20:51:59
803,574,19,59,7,6,62,53,29,5,23,2024-03-28 04:22:06
810,535,27,59,2,22,28,30,32,16,34,2024-03-29 20:14:14
813,539,25,48,7,21,61,19,18,22,31,2024-04-01 12:31:42
811,389,14,56,12,28,64,31,30,2,22,2024-04-01 00:21:11
812,360,15,46,25,13,45,43,35,24,24,2024-03-26 12:35:43
808,466,17,41,5,7,26,7,19,4,30,2024-03-28 03:18:23
809,338,21,51,24,13,11,49,22,3,24,2024-03-28 10:04:22
807,444,20,38,21,36,41,26,27,5,20,2024-04-05 04:03:43
802,562,27,64,20,40,23,16,22,28,24,2024-03-24 09:57:43
811,420,19,66,22,31,30,46,34,23,24,2024-03-29 05:58:53
804,386,17,48,7,5,37,15,29,17,27,2024-03-24 20:07:53
805,488,17,61,3,39,29,50,23,26,35,2024-04-01 14:55:14
804,358,26,51,2,35,34,22,33,25,28,2024-04-01 02:12:12
810,432,27,35,2,33,30,50,20,29,32,2024-04-07 10:51:07
813,363,24,42,8,39,60,14,21,29,31,2024-03-30 15:04:10
810,450,21,65,22,20,65,22,26,15,24,2024-03-31 15:28:27
804,530,21,62,3,16,19,49,23,29,20,2024-04-01 01:04:32
814,381,23,72,15,21,33,53,35,4,24,2024-03-28 06:52:49
814,407,15,71,5,27,43,6,22,14,32,2024-03-23 18:28:00
805,428,20,65,21,9,5,23,30,25,21,2024-03-26 22:21:46
805,502,16,74,3,24,56,31,21,6,32,2024-04-03 03:39:18
808,338,14,65,21,8,22,26,33,9,28,2024-04-06 10:16:22
802,539,23,63,20,34,36,48,26,19,32,2024-03-31 13:02:02
802,516,16,48,14,9,10,24,25,15,29,2024-03-31 17:26:45
808,421,27,62,4,25,14,31,26,1,24,2024-03-26 05:28:13
804,413,20,58,4,28,28,26,24,7,25,2024-04-04 05:35:46
807,511,16,52,5,23,27,22,30,20,20,2024-04-06 09:11:40
806,392,15,47,0,5,30,43,19,1,21,2024-03-31 09:47:18
806,574,20,36,24,7,47,20,29,28,33,2024-04-05 22:12:03
809,421,19,64,7,14,26,7,25,5,28,2024-04-02 10:12:19
810,340,27,78,0,10,32,28,25,18,20,2024-03-23 18:51:35
808,367,27,58,1,11,36,22,35,13,31,2024-03-25 00:32:34
812,300,27,65,23,23,61,31,29,14,28,2024-04-04 03:57:57
811,342,24,68,2,40,26,21,26,5,24,2024-03-25 10:04:33
807,426,16,62,8,30,12,14,24,20,21,2024-04-04 20:46:48
804,487,22,71,23,38,27,32,20,24,27,2024-04-01 11:49:38
813,571,20,54,9,28,9,36,23,29,24,2024-04-06 13:06:18
808,452,18,64,22,43,6,46,33,18,34,2024-03-24 12:46:00
812,319,19,54,11,29,41,13,24,12,21,2024-03-26 13:28:58
809,467,23,66,1,34,22,46,21,10,30,2024-04-03 05:46:24
814,595,19,36,7,37,65,24,34,13,33,2024-04-03 16:02:12
809,522,25,40,0,33,22,41,29,5,24,2024-03-27 10:55:46
804,460,18,37,18,31,27,23,31,27,32,2024-04-02 01:00:25
807,477,16,58,12,22,34,25,32,9,30,2024-04-05 07:30:08
809,552,21,70,7,23,32,22,29,14,25,2024-03-30 05:57:45
802,554,16,45,22,14,65,8,29,26,23,2024-04-04 08:17:45
811,419,19,39,3,21,11,42,29,12,23,2024-03-29 02:32:20
803,420,20,66,23,29,47,51,27,1,34,2024-03-26 16:36:22
808,535,25,71,8,31,7,46,33,12,24,2024-04-03 00:42:55
802,331,18,78,15,25,55,29,25,19,26,2024-03-24 10:37:13
809,497,26,66,4,26,34,8,24,16,25,2024-04-05 17:01:39
814,459,27,67,24,7,57,40,31,10,24,2024-03-28 09:46:49
814,390,22,56,8,13,9,13,32,25,33,2024-03-26 22:37:38
810,303,16,78,14,24,65,14,24,20,24,2024-03-28 01:28:27
804,425,20,47,8,39,60,44,33,11,20,2024-03-24 03:35:43
814,557,15,49,25,22,48,32,22,24,21,2024-04-02 17:35:42
809,562,26,69,20,21,38,52,18,7,35,2024-03-30 10:28:32
805,451,25,37,9,43,25,14,20,10,21,2024-03-29 02:12:44
807,429,22,73,6,21,15,35,28,2,25,2024-03-24 10:34:16
809,314,14,79,12,24,45,40,27,22,24,2024-03-30 10:31:22
810,585,26,35,24,22,64,48,24,1,27,2024-03-26 03:56:15
813,387,25,55,10,22,24,16,27,25,35,2024-04-04 17:33:47
812,505,22,46,6,33,12,30,32,26,33,2024-03-25 13:02:11
808,484,20,69,10,41,6,23,29,11,21,2024-04-03 03:55:04
803,480,21,43,24,39,48,45,22,20,20,2024-04-07 11:01:45
810,338,17,80,24,7,14,52,19,8,25,2024-03-29 04:01:54
809,304,18,54,25,36,53,45,21,7,31,2024-03-26 02:40:47
803,301,26,51,6,33,57,5,25,6,33,2024-03-27 04:37:31
808,390,16,45,9,34,42,12,23,13,30,2024-03-29 11:54:32
808,304,15,52,8,25,26,33,20,21,20,2024-03-31 14:57:01
813,446,21,68,3,19,6,6,26,28,29,2024-03-24 06:17:46
814,518,19,54,1,17,25,7,21,14,22,2024-04-05 19:24:52
811,525,25,70,16,32,44,47,26,28,27,2024-03-31 03:59:56
802,363,24,39,1,37,9,43,32,22,35,2024-04-05 05:41:43
808,483,15,42,13,34,39,31,30,16,27,2024-03-25 09:43:57
806,505,14,61,6,43,53,49,18,3,25,2024-03-28 00:42:22
813,557,24,79,11,41,54,30,25,28,29,2024-03-23 15:56:17
814,536,17,75,24,6,5,50,25,26,21,2024-03-28 15:17:05
805,567,20,63,18,18,37,23,24,15,28,2024-03-28 08:55:16
812,301,17,59,5,34,51,26,31,10,35,2024-04-06 19:23:12
809,422,18,56,8,19,30,17,26,25,34,2024-04-02 05:05:26
804,464,20,38,9,21,27,24,19,1,25,2024-04-03 07:41:09
813,319,17,55,14,27,55,13,20,19,30,2024-04-05 23:08:02
807,391,27,56,6,17,8,35,26,24,34,2024-04-05 16:09:19
804,583,19,72,10,15,30,11,27,22,35,2024-04-02 12:15:17
806,413,23,71,4,17,65,24,26,5,22,2024-03-28 13:01:56
803,477,17,52,3,16,43,40,20,11,27,2024-03-30 00:52:05
807,473,22,30,22,34,44,23,20,30,29,2024-04-05 15:15:18
804,477,21,64,23,12,16,49,21,17,31,2024-04-02 12:48:01
812,578,23,68,19,29,16,38,27,27,22,2024-04-02 15:32:37
809,580,23,63,19,24,53,48,19,3,24,2024-03-24 04:57:22
803,345,21,38,7,24,15,27,31,8,28,2024-03-28 02:38:03
806,482,14,61,18,21,60,17,25,30,23,2024-03-31 21:57:19
813,331,21,49,9,43,36,40,18,27,21,2024-04-01 22:46:51
810,364,22,40,9,39,63,9,31,10,34,2024-04-01 19:39:04
809,506,26,68,13,38,31,18,23,5,27,2024-04-02 18:45:25
806,554,26,44,24,9,32,37,19,20,30,2024-03-31 21:30:43
809,370,19,35,24,34,35,36,32,15,30,2024-03-24 23:37:09
803,391,26,48,21,16,59,12,29,9,23,2024-03-28 04:37:31
804,361,18,57,17,37,22,10,24,0,30,2024-04-03 01:36:02
811,327,24,59,24,9,51,8,28,13,29,2024-04-04 14:22:27
805,361,24,70,20,10,16,24,29,30,27,2024-03-30 16:26:57
811,519,24,33,12,9,41,44,28,21,33,2024-04-06 16:10:45
803,496,25,62,20,10,46,18,29,19,26,2024-03-29 05:38:41
804,342,27,36,9,41,51,25,24,20,30,2024-04-02 10:09:03
811,372,18,50,5,28,17,16,31,20,23,2024-04-01 14:35:45
808,524,17,42,12,24,63,40,24,25,32,2024-04-03 23:13:38
809,543,25,80,22,24,19,29,24,25,32,2024-03-30 21:30:39
805,397,16,43,2,26,51,41,29,24,20,2024-03-24 18:17:09
809,472,19,48,10,34,60,6,19,12,34,2024-04-01 08:50:55
807,554,23,55,9,25,14,46,24,14,23,2024-03-25 19:28:24
814,474,15,65,22,41,14,14,24,26,20,2024-04-04 04:52:28
802,378,24,63,22,42,43,8,32,2,21,2024-03-26 23:22:13
803,304,26,52,19,14,58,44,23,15,29,2024-04-03 09:56:50
804,466,24,39,23,7,53,41,27,8,27,2024-03-29 00:15:26
812,396,18,73,8,41,16,21,25,13,20,2024-04-04 18:38:45
803,336,25,45,5,42,47,37,32,1,29,2024-04-01 02:50:35
814,597,18,40,21,25,26,31,29,21,34,2024-04-05 15:47:15
806,334,21,37,2,15,5,10,20,21,28,2024-03-29 05:17:23
805,379,21,54,7,7,27,41,18,15,31,2024-04-06 18:23:56
802,493,19,31,14,14,27,24,35,24,22,2024-04-01 09:47:42
804,413,19,33,23,14,11,39,32,30,25,2024-03-25 09:38:37
805,514,15,38,0,18,42,27,33,28,29,2024-03-30 09:37:45
803,523,24,56,12,18,39,43,26,23,27,2024-04-03 23:14:28
812,461,21,55,9,28,52,17,24,11,35,2024-04-04 23:57:21
810,307,24,42,6,8,41,44,32,25,24,2024-03-25 03:00:37
808,450,20,55,21,29,50,31,19,4,33,2024-04-02 04:39:54
813,329,20,54,1,18,24,32,30,19,24,2024-03-28 04:39:32
803,388,18,34,10,26,44,27,23,11,26,2024-04-03 05:15:11
809,473,16,33,0,18,33,18,18,29,35,2024-03-29 02:25:43
811,583,18,79,14,43,50,32,22,9,28,2024-04-05 20:54:25
811,447,18,54,21,41,33,40,21,5,34,2024-03-25 08:43:58
805,358,21,68,12,42,26,25,28,24,21,2024-04-05 14:07:36
812,443,21,50,8,25,34,29,18,18,22,2024-04-06 02:52:58
803,379,26,57,2,12,54,43,28,12,31,2024-04-07 02:43:45
808,369,27,77,9,5,42,8,32,11,28,2024-04-04 16:19:43
811,422,23,31,9,5,58,31,31,26,30,2024-04-05 19:13:43
813,424,25,46,19,26,27,34,22,9,24,2024-04-07 09:31:15
813,435,14,62,10,9,41,53,30,23,30,2024-04-07 02:25:42
812,380,24,67,16,14,56,36,31,11,28,2024-03-28 04:59:46
808,543,22,46,16,43,52,38,27,24,25,2024-03-29 02:03:59
809,381,24,53,10,23,48,36,28,17,26,2024-03-27 10:50:21
803,531,19,31,20,39,33,9,29,13,35,2024-03-30 17:24:23
805,313,17,58,8,35,46,24,21,27,28,2024-03-27 14:59:45
803,384,15,35,3,12,42,14,30,21,22,2024-04-05 18:50:49
809,441,14,79,1,17,8,42,31,19,22,2024-03-27 12:08:23
812,538,22,52,25,33,29,10,18,0,28,2024-03-29 05:48:33
807,430,24,56,23,22,28,45,30,16,30,2024-04-02 09:15:25
803,404,22,39,1,11,41,50,34,13,26,2024-03-31 13:33:47
814,535,24,47,25,6,55,31,28,7,20,2024-03-30 06:08:47
805,582,20,57,1,28,46,47,26,16,31,2024-03-31 06:05:24
804,587,21,32,4,33,37,36,18,12,24,2024-04-03 02:11:41
802,455,25,80,18,10,42,45,33,7,26,2024-03-30 20:56:41
802,510,24,61,6,15,48,18,25,15,23,2024-03-28 08:45:43
805,569,22,57,12,13,43,27,19,8,22,2024-04-03 11:22:38
814,552,22,58,11,6,46,9,21,14,33,2024-04-06 10:20:31
811,456,17,39,14,40,13,53,20,14,26,2024-03-30 10:07:12
809,498,22,80,1,21,48,47,22,21,22,2024-03-29 14:36:28
813,439,17,40,3,18,61,15,31,17,23,2024-04-05 04:48:03
809,359,19,38,24,36,61,27,32,5,23,2024-03-28 16:14:25
802,401,14,51,1,24,29,27,28,8,35,2024-03-29 06:27:17
808,393,20,53,20,27,25,50,21,22,34,2024-03-28 09:52:20
812,532,23,58,19,18,34,35,30,22,33,2024-04-02 20:33:01
811,378,15,56,1,13,52,9,33,10,22,2024-03-28 09:34:10
812,557,21,75,13,32,9,7,21,22,20,2024-03-24 12:29:42
804,558,16,67,21,34,26,32,32,12,28,2024-04-05 15:33:29
809,573,25,67,6,26,27,38,35,13,27,2024-04-06 09:38:01
813,333,15,36,15,41,31,39,28,29,26,2024-04-05 17:08:06
812,420,26,64,23,41,43,11,25,9,35,2024-03-28 21:44:44
809,539,21,74,8,16,55,20,30,18,28,2024-03-28 12:32:01
814,301,18,40,3,34,8,45,26,14,28,2024-03-27 07:29:59
804,542,25,52,7,41,47,10,18,23,25,2024-04-07 06:36:45
806,367,25,64,0,20,13,7,26,6,22,2024-03-31 22:23:36
813,436,21,75,19,41,29,28,23,5,20,2024-03-31 15:44:52
811,488,14,75,19,21,10,51,18,30,25,2024-04-05 19:35:42
807,511,16,48,23,28,28,22,35,21,30,2024-04-06 05:50:07
810,430,17,71,6,40,10,16,33,27,23,2024-03-23 21:29:49
808,359,25,63,14,13,44,20,29,5,30,2024-04-01 02:34:59
809,566,23,66,19,17,12,27,23,30,30,2024-04-02 14:07:15
806,563,21,35,15,13,28,39,31,17,31,2024-03-25 06:05:15
809,310,16,49,13,26,54,44,29,27,30,2024-03-28 07:37:34
811,557,18,78,19,35,54,23,26,3,29,2024-03-24 22:25:10
803,354,15,77,12,34,20,49,24,1,29,2024-04-01 16:52:29
802,535,27,54,22,12,58,35,18,9,26,2024-04-02 03:27:35
809,445,26,67,19,25,44,39,26,15,35,2024-04-05 08:35:09
804,542,19,77,25,37,52,16,21,9,35,2024-04-07 03:39:05
809,521,14,70,15,6,53,49,32,18,29,2024-04-01 18:58:16
803,564,20,56,10,29,9,24,19,1,33,2024-04-04 12:11:13
812,511,26,32,14,6,19,46,27,2,27,2024-03-27 09:37:00
807,395,20,67,17,42,37,34,28,13,26,2024-04-06 16:59:05
814,515,25,53,23,6,10,53,21,12,28,2024-04-02 13:48:38
807,407,16,44,19,25,14,28,31,30,28,2024-04-02 07:19:44
810,544,25,64,17,14,43,37,24,24,27,2024-04-02 08:07:29
805,575,18,49,16,14,15,45,20,7,35,2024-03-26 03:23:31
813,489,20,56,20,12,32,43,26,30,25,2024-03-26 16:32:00
809,386,15,74,21,29,9,32,33,8,34,2024-04-03 00:47:02
813,348,15,74,18,8,21,32,30,8,25,2024-03-31 23:10:06
813,443,25,34,25,19,23,15,35,16,29,2024-04-06 06:30:25
810,373,19,31,2,6,44,21,18,11,31,2024-04-07 07:20:54
807,400,19,68,3,34,48,33,19,13,34,2024-04-05 05:42:34
807,516,17,73,5,18,15,44,25,0,25,2024-03-23 17:26:08
808,513,27,80,23,8,5,5,18,27,29,2024-04-01 11:06:43
808,480,21,66,13,26,47,24,28,9,25,2024-03-26 10:07:58
808,542,26,34,23,6,38,6,21,4,24,2024-03-28 06:03:47
814,446,23,40,2,41,38,38,20,16,24,2024-03-23 21:10:28
811,333,15,77,11,22,26,41,26,13,24,2024-03-28 03:56:24
813,365,27,39,1,43,13,19,34,14,20,2024-04-05 12:05:44
807,456,24,66,5,13,41,5,32,3,33,2024-03-26 15:04:03
807,327,15,61,13,15,57,15,19,5,31,2024-04-07 13:58:42
807,523,25,49,14,40,6,32,27,0,28,2024-04-02 01:07:39
807,542,19,47,23,10,22,24,35,5,26,2024-03-27 04:22:06
813,487,27,46,20,13,57,15,21,3,24,2024-03-25 09:38:26
802,517,21,32,19,39,44,44,18,6,21,2024-03-28 14:05:00
807,437,17,44,11,39,65,52,25,28,28,2024-03-31 06:03:37
802,372,27,56,0,20,52,30,18,17,30,2024-03-29 19:33:09
804,597,21,79,8,16,40,40,33,5,28,2024-04-05 02:53:23
814,464,17,53,13,21,16,17,26,14,32,2024-03-27 00:27:59
812,392,20,41,11,23,19,24,23,23,21,2024-04-07 14:26:47
814,341,25,65,13,16,31,25,29,30,32,2024-04-02 23:19:23
812,588,25,56,9,25,10,19,31,4,31,2024-03-24 00:47:37
805,300,27,80,8,34,12,46,31,15,20,2024-03-28 08:16:39
806,379,26,66,18,19,44,41,25,6,34,2024-03-28 13:07:32
809,316,19,75,25,19,50,37,28,21,34,2024-04-02 04:11:13
811,560,15,49,5,7,18,8,21,1,25,2024-03-31 14:27:42
805,532,23,49,9,28,41,31,24,1,31,2024-04-06 01:10:03
811,531,23,74,10,18,24,14,33,11,23,2024-04-01 13:19:31
804,520,26,36,17,12,17,22,23,13,35,2024-03-26 13:21:49
806,500,24,34,18,19,29,21,28,5,27,2024-03-28 09:30:00
811,386,22,52,16,26,57,41,31,30,22,2024-04-06 02:05:12
807,414,23,46,15,34,25,25,33,23,22,2024-04-05 14:31:24
812,499,15,64,6,14,12,27,26,26,26,2024-04-03 11:27:07
811,428,14,74,1,9,57,25,31,25,24,2024-03-31 04:18:09
802,333,26,69,19,36,23,39,25,29,32,2024-04-02 16:36:03
810,373,14,65,6,5,64,21,34,28,21,2024-04-04 20:55:06
814,311,27,69,7,12,60,16,21,28,23,2024-04-06 19:25:22
807,428,23,71,9,24,49,14,24,12,20,2024-03-27 00:08:00
804,446,15,48,7,6,25,49,26,17,22,2024-04-04 02:17:30
807,523,22,76,4,21,18,34,20,16,33,2024-03-29 23:18:34
804,521,16,49,18,6,15,14,30,8,35,2024-03-27 09:53:27
804,337,24,40,2,17,39,45,30,21,30,2024-03-29 11:07:54
807,388,16,43,9,43,54,36,32,3,24,2024-03-28 09:51:22
806,438,23,79,18,31,30,29,30,21,29,2024-03-24 10:44:50
810,434,15,64,25,35,30,38,33,12,34,2024-03-24 16:22:35
805,558,23,61,23,6,7,11,31,18,22,2024-03-29 03:44:26
812,303,19,41,12,41,36,15,27,22,30,2024-03-28 13:43:14
812,564,23,41,16,28,11,16,24,15,24,2024-04-03 08:22:31
805,363,27,62,13,11,7,31,28,16,32,2024-03-24 20:17:15
809,548,21,52,5,7,31,41,29,15,30,2024-03-25 19:11:43
811,471,23,32,19,40,7,30,27,1,26,2024-04-07 10:13:37
811,502,22,64,24,32,52,36,30,17,25,2024-03-25 11:31:25
808,407,16,37,11,36,22,27,22,13,31,2024-03-31 15:48:10
808,458,27,45,21,41,32,22,24,26,23,2024-03-30 21:08:48
803,307,16,55,7,32,36,43,25,7,29,2024-04-05 03:45:25
806,499,15,42,1,28,37,12,21,25,28,2024-04-02 01:13:10
809,588,16,77,13,22,42,46,20,30,26,2024-03-27 09:39:44
812,511,17,46,14,16,26,15,20,11,27,2024-03-24 23:34:14
804,510,23,61,13,40,39,48,28,15,25,2024-04-01 03:47:24
802,376,25,80,21,41,35,16,21,10,35,2024-04-05 23:16:47
811,477,24,56,3,31,13,24,23,17,29,2024-03-24 16:42:48
806,364,17,56,7,41,51,9,26,1,27,2024-03-31 16:57:57
814,336,25,72,6,10,29,18,33,25,29,2024-04-03 09:53:49
807,407,17,78,17,31,31,19,34,27,25,2024-03-30 04:43:28
813,398,27,76,4,27,45,23,21,21,24,2024-03-27 23:49:02
808,345,19,55,14,20,21,27,24,19,32,2024-04-06 16:03:13
810,460,14,44,9,5,25,43,23,3,35,2024-03-27 16:38:25
809,506,25,54,20,43,47,9,20,13,25,2024-03-23 19:41:32
811,498,15,70,19,43,25,50,28,27,23,2024-03-31 04:58:56
802,507,25,79,23,36,45,14,19,21,26,2024-03-27 09:12:03
810,357,18,64,9,21,7,21,18,10,25,2024-03-28 06:37:01
805,392,18,51,18,7,56,47,35,6,25,2024-04-03 15:01:50
811,459,21,35,9,35,47,30,34,16,33,2024-03-24 22:49:38
806,389,22,34,7,7,37,34,18,11,33,2024-03-25 15:50:21
807,513,14,54,6,19,33,11,28,10,20,2024-04-03 14:36:53
809,489,17,43,6,6,9,47,34,18,28,2024-04-06 05:19:41
802,387,14,65,1,40,14,11,19,25,24,2024-03-31 06:43:16
806,492,17,73,1,17,22,42,21,7,28,2024-04-04 07:55:03
802,549,18,74,25,28,61,25,26,1,22,2024-03-30 09:06:16
813,558,23,51,19,19,32,21,30,20,32,2024-03-26 12:01:23
811,340,14,61,7,28,42,44,23,4,32,2024-03-27 11:37:11
813,484,23,30,17,27,54,15,20,6,24,2024-03-26 17:41:42
804,529,21,80,9,16,29,32,32,24,28,2024-04-04 06:19:02
805,333,18,64,17,22,52,44,33,12,27,2024-04-03 07:28:38
805,341,18,58,23,27,39,41,27,26,35,2024-03-27 22:39:20
802,529,14,34,2,19,54,32,30,3,29,2024-03-30 23:06:23
804,530,14,51,0,43,7,52,22,13,27,2024-04-06 17:29:48
813,439,21,60,17,11,33,19,28,15,28,2024-03-28 22:40:47
811,314,24,74,6,13,30,26,28,19,34,2024-03-27 17:27:44
810,402,21,66,14,7,37,51,32,14,22,2024-04-02 09:53:17
809,480,17,75,12,7,8,17,29,19,31,2024-03-28 09:48:57
813,330,20,74,16,41,44,22,32,20,23,2024-04-03 15:19:30
802,565,18,30,16,30,56,45,35,12,23,2024-04-07 00:15:09
812,482,15,67,20,11,32,18,28,3,31,2024-04-01 03:53:01
810,437,18,57,4,37,41,32,21,2,24,2024-04-07 11:10:26
813,361,19,55,17,27,41,7,33,21,33,2024-04-01 02:30:59
802,360,25,43,24,23,18,5,35,2,24,2024-04-02 19:30:30
813,390,14,74,25,32,54,38,35,1,23,2024-04-02 18:23:44
808,429,14,39,18,41,39,10,18,27,26,2024-04-03 03:10:39
813,302,17,44,21,26,28,9,28,13,34,2024-03-24 15:55:44
809,342,27,41,25,15,58,9,21,2,34,2024-04-05 17:04:07
808,455,27,32,8,26,25,46,27,24,35,2024-03-24 23:22:44
813,521,20,72,6,17,64,25,29,6,35,2024-03-30 09:57:29
806,516,17,58,20,38,52,19,27,22,31,2024-04-04 19:39:20
813,425,20,49,13,13,57,38,22,20,33,2024-03-31 21:37:58
808,379,15,57,11,37,64,29,31,17,22,2024-03-30 08:30:02
809,576,20,75,15,17,35,17,33,2,31,2024-04-06 07:44:43
805,595,16,58,5,18,47,33,34,8,26,2024-04-03 01:56:21
802,523,16,66,12,29,16,19,34,12,34,2024-03-29 23:45:45
808,484,25,33,6,12,22,11,31,10,21,2024-04-05 09:03:14
812,383,14,32,18,22,54,9,30,16,32,2024-04-02 11:46:33
808,511,24,42,13,18,27,27,21,0,34,2024-04-01 03:48:41
806,345,16,57,24,10,6,38,20,29,26,2024-03-31 15:34:07
806,500,20,37,0,24,33,31,26,7,33,2024-03-25 00:39:03
805,499,19,61,25,21,55,16,29,8,33,2024-04-04 11:51:45
802,323,27,38,16,30,49,44,34,25,23,2024-03-24 11:18:40
805,476,17,68,25,29,53,44,26,6,30,2024-03-24 23:23:44
813,529,23,44,13,20,8,25,35,13,30,2024-04-02 01:19:34
805,462,19,42,21,5,11,13,29,26,25,2024-04-07 01:33:51
807,575,24,65,15,23,22,19,23,28,22,2024-04-03 11:08:11
805,554,24,69,10,41,35,7,25,6,24,2024-03-29 22:08:27
803,353,27,37,6,43,65,15,30,6,33,2024-03-28 05:49:38
812,320,25,63,12,31,32,25,24,10,26,2024-03-27 21:02:54
813,488,21,65,21,39,6,22,35,1,26,2024-03-31 13:13:44
812,359,25,42,20,32,22,19,27,16,25,2024-03-31 03:22:41
810,509,22,50,1,26,8,49,18,6,30,2024-03-30 02:23:57
808,318,19,68,19,25,35,11,26,16,33,2024-04-03 13:56:26
814,598,24,52,0,25,13,9,22,16,25,2024-04-03 21:03:46
813,449,14,37,3,10,8,14,25,23,26,2024-04-05 23:27:03
811,502,27,74,23,28,14,37,25,28,34,2024-03-24 09:12:19
806,562,20,35,5,40,54,22,25,25,27,2024-04-06 11:14:41
806,301,20,68,8,30,41,15,23,5,34,2024-03-30 08:51:01
811,309,24,34,13,6,45,43,35,27,26,2024-03-31 06:06:09
807,353,19,70,3,37,47,21,27,20,31,2024-04-04 01:17:16
812,455,18,30,2,32,60,37,32,19,24,2024-04-05 17:13:01
813,582,20,40,9,34,9,42,26,14,29,2024-03-26 21:26:14
809,368,27,75,5,31,29,33,27,8,25,2024-04-07 09:05:08
809,531,24,69,25,11,30,26,28,14,29,2024-03-28 09:46:10
802,425,18,66,18,10,50,26,22,4,27,2024-04-01 23:16:05
812,304,18,37,18,39,54,42,19,20,26,2024-04-06 02:53:22
814,397,26,77,0,24,32,38,30,24,22,2024-04-06 20:35:57
808,372,18,52,4,15,61,16,18,27,33,2024-04-03 07:50:37
807,460,17,37,4,38,20,31,23,28,22,2024-04-03 02:46:46
802,306,19,62,24,9,27,53,35,26,32,2024-03-29 18:07:42
809,455,22,77,25,16,22,45,34,21,22,2024-04-01 07:26:21
807,443,15,61,2,10,6,49,32,18,34,2024-04-07 10:25:33
806,592,16,77,20,21,30,53,27,27,33,2024-03-31 03:28:41
810,416,22,30,23,9,54,43,26,26,34,2024-03-29 07:54:15
808,558,23,48,14,12,45,31,32,4,26,2024-04-01 02:47:55
803,386,22,74,13,16,33,7,29,29,27,2024-04-06 18:09:34
808,493,23,57,5,28,27,29,26,17,27,2024-03-25 18:18:40
807,455,18,66,11,8,61,38,33,29,22,2024-03-25 06:53:42
802,480,18,47,10,25,25,15,31,3,33,2024-03-31 09:01:53
814,348,15,49,2,18,23,46,21,29,24,2024-04-02 06:57:01
803,586,15,56,25,30,5,27,29,11,23,2024-03-23 15:58:35
807,449,14,73,17,5,35,18,33,4,35,2024-03-27 13:06:36
810,435,19,66,17,20,58,16,25,18,32,2024-04-01 10:01:23
811,456,27,76,9,32,27,23,26,1,20,2024-03-30 19:30:04
803,472,23,33,0,22,13,47,33,28,21,2024-04-04 09:40:45
811,570,16,40,22,20,21,19,25,25,30,2024-04-07 11:43:06
803,416,15,38,19,23,14,30,22,11,25,2024-04-04 18:30:28
804,338,26,68,18,42,6,10,33,14,27,2024-03-28 07:47:00
814,551,20,63,18,9,13,45,25,8,23,2024-03-31 22:59:38
812,589,14,37,4,41,50,43,21,15,25,2024-04-04 08:25:34
808,516,23,75,10,12,30,5,26,24,27,2024-03-26 06:20:43
814,311,24,32,7,33,14,19,20,24,23,2024-04-07 08:04:23
802,581,18,66,19,35,19,31,28,14,27,2024-04-05 23:52:24
805,483,27,67,8,28,52,37,27,26,24,2024-03-28 18:06:22
808,429,14,36,11,7,51,52,35,22,25,2024-04-01 01:48:22
812,403,22,39,12,6,19,17,25,16,29,2024-03-25 16:35:45
807,402,23,76,4,8,58,48,30,23,26,2024-04-01 20:17:59
809,543,24,67,24,33,53,34,20,14,21,2024-04-07 10:26:27
802,497,25,30,14,34,16,14,23,11,26,2024-03-29 23:22:02
804,455,18,37,8,13,14,6,20,26,31,2024-03-23 15:28:09
814,361,22,73,25,6,34,7,21,6,30,2024-03-29 08:41:56
814,414,17,42,17,25,16,17,29,0,26,2024-04-05 22:23:16
804,468,25,70,5,24,38,43,22,12,26,2024-03-30 04:02:27
812,477,24,32,7,17,22,8,31,6,25,2024-03-26 16:35:58
805,324,15,56,13,18,32,34,20,11,30,2024-03-26 21:57:13
802,315,19,67,8,42,14,45,25,23,27,2024-04-03 04:57:47
812,497,26,79,17,18,18,22,35,30,31,2024-03-31 11:44:34
809,557,21,41,17,21,53,51,35,4,34,2024-04-01 21:07:01
812,414,16,33,24,27,48,31,33,5,28,2024-03-25 04:34:44
809,373,15,64,15,5,49,31,35,11,25,2024-03-26 04:14:07
802,371,14,35,15,9,26,53,23,1,24,2024-03-27 05:19:49
810,544,25,68,5,35,29,32,34,5,30,2024-04-05 16:58:04
805,466,22,57,17,12,60,34,31,22,23,2024-03-30 04:27:58
807,372,18,40,16,14,60,47,29,8,26,2024-04-05 13:58:49
806,353,19,69,15,15,56,29,24,27,29,2024-03-24 09:45:32
804,497,26,43,9,19,32,51,20,2,24,2024-03-24 01:35:06
808,337,14,73,1,9,7,17,35,28,23,2024-03-29 11:29:20
802,428,18,74,20,13,58,47,25,25,34,2024-03-31 21:17:27
806,519,22,65,22,35,22,7,27,9,33,2024-04-03 12:46:03
805,445,18,46,2,7,22,15,33,29,27,2024-03-25 06:27:12
814,584,18,56,14,38,63,35,29,19,25,2024-04-01 23:24:44
813,447,16,51,16,34,30,8,30,7,23,2024-03-25 06:10:27
807,458,24,38,0,40,32,22,35,28,28,2024-03-31 06:58:47
812,357,27,36,18,32,42,53,31,13,31,2024-03-30 20:41:07
810,469,22,64,18,31,55,31,32,17,23,2024-03-29 06:55:48
806,403,17,50,0,27,63,14,22,12,24,2024-04-07 02:42:28
813,416,23,42,14,33,45,44,31,5,21,2024-03-26 01:57:44
805,580,14,70,11,12,24,29,25,22,20,2024-04-03 14:42:52
810,482,23,61,23,22,26,12,25,5,20,2024-04-01 23:49:22
808,396,18,62,15,10,31,40,33,23,24,2024-04-03 20:39:29
